{"format": "layers-model", "generatedBy": "keras v3.4.1", "convertedBy": "TensorFlow.js Converter v4.21.0", "modelTopology": {"keras_version": "3.4.1", "backend": "tensorflow", "model_config": {"class_name": "Functional", "config": {"name": "model_3_GRU", "trainable": true, "layers": [{"class_name": "InputLayer", "config": {"batch_shape": [null, 1], "dtype": "string", "sparse": false, "name": "input_layer_2"}, "name": "input_layer_2", "inbound_nodes": []}, {"class_name": "TextVectorization", "config": {"name": "text_vectorization_1", "trainable": true, "dtype": {"module": "keras", "class_name": "DTypePolicy", "config": {"name": "float32"}, "registered_name": null}, "max_tokens": 10000, "standardize": "lower_and_strip_punctuation", "split": "whitespace", "ngrams": null, "output_mode": "int", "output_sequence_length": 15, "pad_to_max_tokens": false, "sparse": false, "ragged": false, "vocabulary": null, "idf_weights": null, "encoding": "utf-8", "vocabulary_size": 10000}, "name": "text_vectorization_1", "inbound_nodes": [{"args": [{"class_name": "__keras_tensor__", "config": {"shape": [null, 1], "dtype": "string", "keras_history": ["input_layer_2", 0, 0]}}], "kwargs": {}}]}, {"class_name": "Embedding", "config": {"name": "embedding_3", "trainable": true, "dtype": {"module": "keras", "class_name": "DTypePolicy", "config": {"name": "float32"}, "registered_name": null}, "input_dim": 10000, "output_dim": 128, "embeddings_initializer": {"module": "keras.initializers", "class_name": "RandomUniform", "config": {"minval": -0.05, "maxval": 0.05, "seed": null}, "registered_name": null}, "embeddings_regularizer": null, "activity_regularizer": null, "embeddings_constraint": null, "mask_zero": false}, "name": "embedding_3", "inbound_nodes": [{"args": [{"class_name": "__keras_tensor__", "config": {"shape": [null, 15], "dtype": "int64", "keras_history": ["text_vectorization_1", 0, 0]}}], "kwargs": {}}]}, {"class_name": "GRU", "config": {"name": "gru", "trainable": true, "dtype": {"module": "keras", "class_name": "DTypePolicy", "config": {"name": "float32"}, "registered_name": null}, "return_sequences": false, "return_state": false, "go_backwards": false, "stateful": false, "unroll": false, "zero_output_for_mask": false, "units": 64, "activation": "tanh", "recurrent_activation": "sigmoid", "use_bias": true, "kernel_initializer": {"module": "keras.initializers", "class_name": "GlorotUniform", "config": {"seed": null}, "registered_name": null}, "recurrent_initializer": {"module": "keras.initializers", "class_name": "OrthogonalInitializer", "config": {"gain": 1.0, "seed": null}, "registered_name": null}, "bias_initializer": {"module": "keras.initializers", "class_name": "Zeros", "config": {}, "registered_name": null}, "kernel_regularizer": null, "recurrent_regularizer": null, "bias_regularizer": null, "activity_regularizer": null, "kernel_constraint": null, "recurrent_constraint": null, "bias_constraint": null, "dropout": 0.0, "recurrent_dropout": 0.0, "reset_after": true, "seed": null}, "name": "gru", "inbound_nodes": [{"args": [{"class_name": "__keras_tensor__", "config": {"shape": [null, 15, 128], "dtype": "float32", "keras_history": ["embedding_3", 0, 0]}}], "kwargs": {"training": false, "mask": null}}]}, {"class_name": "Dense", "config": {"name": "dense_2", "trainable": true, "dtype": {"module": "keras", "class_name": "DTypePolicy", "config": {"name": "float32"}, "registered_name": null}, "units": 1, "activation": "sigmoid", "use_bias": true, "kernel_initializer": {"module": "keras.initializers", "class_name": "GlorotUniform", "config": {"seed": null}, "registered_name": null}, "bias_initializer": {"module": "keras.initializers", "class_name": "Zeros", "config": {}, "registered_name": null}, "kernel_regularizer": null, "bias_regularizer": null, "kernel_constraint": null, "bias_constraint": null}, "name": "dense_2", "inbound_nodes": [{"args": [{"class_name": "__keras_tensor__", "config": {"shape": [null, 64], "dtype": "float32", "keras_history": ["gru", 0, 0]}}], "kwargs": {}}]}], "input_layers": [["input_layer_2", 0, 0]], "output_layers": [["dense_2", 0, 0]]}}, "training_config": {"loss": "binary_crossentropy", "loss_weights": null, "metrics": ["accuracy"], "weighted_metrics": null, "run_eagerly": false, "steps_per_execution": 1, "jit_compile": false, "optimizer_config": {"class_name": "Adam", "config": {"name": "adam", "learning_rate": 0.0010000000474974513, "weight_decay": null, "clipnorm": null, "global_clipnorm": null, "clipvalue": null, "use_ema": false, "ema_momentum": 0.99, "ema_overwrite_frequency": null, "loss_scale_factor": null, "gradient_accumulation_steps": null, "beta_1": 0.9, "beta_2": 0.999, "epsilon": 1e-07, "amsgrad": false}}}}, "weightsManifest": [{"paths": ["group1-shard1of2.bin", "group1-shard2of2.bin"], "weights": [{"name": "dense_2/kernel", "shape": [64, 1], "dtype": "float32"}, {"name": "dense_2/bias", "shape": [1], "dtype": "float32"}, {"name": "embedding_3/embeddings", "shape": [10000, 128], "dtype": "float32"}, {"name": "gru/gru_cell/kernel", "shape": [128, 192], "dtype": "float32"}, {"name": "gru/gru_cell/recurrent_kernel", "shape": [64, 192], "dtype": "float32"}, {"name": "gru/gru_cell/bias", "shape": [2, 192], "dtype": "float32"}]}]}